site,lat,lon,cells,samples,range_m,radios,imagery,image_file,verdict,notes
0,47.111600,-70.729900,4,173,500,UMTS,yes,data/cell-site-imagery/site-000.jpg,,
1,47.308600,-70.593600,5,153,500,UMTS,yes,data/cell-site-imagery/site-001.jpg,,
2,48.146300,-69.727900,2,100,500,UMTS,yes,data/cell-site-imagery/site-002.jpg,,
3,49.620700,-125.007600,2,98,500,LTE,no,,,
4,48.157900,-69.793500,2,91,500,UMTS,yes,data/cell-site-imagery/site-004.jpg,,
5,49.899200,-97.201000,2,86,592,LTE,yes,data/cell-site-imagery/site-005.jpg,,
6,52.116600,-106.634900,2,81,570,LTE,yes,data/cell-site-imagery/site-006.jpg,,
7,49.272500,-123.196900,2,77,500,UMTS,yes,data/cell-site-imagery/site-007.jpg,,
8,47.086100,-70.938300,2,75,544,UMTS,yes,data/cell-site-imagery/site-008.jpg,,
9,47.110500,-70.723100,2,73,500,UMTS,yes,data/cell-site-imagery/site-009.jpg,,
10,43.633400,-79.473800,2,70,500,LTE,yes,data/cell-site-imagery/site-010.jpg,,
11,47.131700,-70.720700,2,67,500,UMTS,yes,data/cell-site-imagery/site-011.jpg,,
12,52.129800,-106.635300,2,65,500,LTE,yes,data/cell-site-imagery/site-012.jpg,,
13,49.876600,-97.240900,2,59,504,LTE,yes,data/cell-site-imagery/site-013.jpg,,
14,45.526300,-73.556200,2,58,500,LTE,yes,data/cell-site-imagery/site-014.jpg,,
15,49.193000,-123.169100,2,58,519,LTE,yes,data/cell-site-imagery/site-015.jpg,,
16,50.302000,-107.794900,2,58,500,LTE,no,,,
17,44.413700,-79.671700,2,56,589,LTE,yes,data/cell-site-imagery/site-017.jpg,,
18,45.510200,-75.654700,2,55,500,LTE,yes,data/cell-site-imagery/site-018.jpg,,
19,49.913700,-97.214700,2,54,500,LTE,yes,data/cell-site-imagery/site-019.jpg,,
20,49.901200,-97.149400,2,53,503,LTE,yes,data/cell-site-imagery/site-020.jpg,,
21,52.128600,-106.638900,2,52,500,LTE,yes,data/cell-site-imagery/site-021.jpg,,
22,45.452000,-73.859400,2,51,591,LTE,yes,data/cell-site-imagery/site-022.jpg,,
23,47.075700,-70.929200,1,50,551,GSM,yes,data/cell-site-imagery/site-023.jpg,,
24,45.472000,-73.497100,1,50,564,LTE,yes,data/cell-site-imagery/site-024.jpg,,
