tower_id,score_pct,band,flagged_by_model,lat,lon,city,province,source,existing_label,satellite_url,verdict,notes
21,11,0.00-0.20,no,49.028888889,-122.801944444,White Rock,British Columbia,1. BC_Jan11.xlsx,,"https://www.google.com/maps/@49.028888889,-122.801944444,200m/data=!3m1!1e3",,
923,10,0.00-0.20,no,49.2903277780001,-123.125083333,Vancouver,British Columbia,1. BC_Jan11.xlsx,,"https://www.google.com/maps/@49.2903277780001,-123.125083333,200m/data=!3m1!1e3",,
1763,10,0.00-0.20,no,49.2563666670001,-122.816147222,Coquitlam,British Columbia,1. BC_Jan11.xlsx,,"https://www.google.com/maps/@49.2563666670001,-122.816147222,200m/data=!3m1!1e3",,
2507,4,0.00-0.20,no,49.3447333330001,-123.387116667,Bowen Island Municipality,British Columbia,1. BC_Jan11.xlsx,,"https://www.google.com/maps/@49.3447333330001,-123.387116667,200m/data=!3m1!1e3",,
3302,0,0.00-0.20,no,49.1197361110001,-122.93085,Delta,British Columbia,1. BC_Jan11.xlsx,,"https://www.google.com/maps/@49.1197361110001,-122.93085,200m/data=!3m1!1e3",,
4054,19,0.00-0.20,no,49.1482916670001,-122.892433333,Delta,British Columbia,1. BC_Jan11.xlsx,,"https://www.google.com/maps/@49.1482916670001,-122.892433333,200m/data=!3m1!1e3",,
4778,13,0.00-0.20,no,49.1973,-123.062247222,Richmond,British Columbia,1. BC_Jan11.xlsx,,"https://www.google.com/maps/@49.1973,-123.062247222,200m/data=!3m1!1e3",,
5504,13,0.00-0.20,no,49.3444777780001,-123.084083333,North Vancouver,British Columbia,1. BC_Jan11.xlsx,,"https://www.google.com/maps/@49.3444777780001,-123.084083333,200m/data=!3m1!1e3",,
6203,16,0.00-0.20,no,49.056730556,-122.845613889,Surrey,British Columbia,1. BC_Jan11.xlsx,,"https://www.google.com/maps/@49.056730556,-122.845613889,200m/data=!3m1!1e3",,
6909,13,0.00-0.20,no,49.2027055560001,-122.843075,Surrey,British Columbia,1. BC_Jan11.xlsx,,"https://www.google.com/maps/@49.2027055560001,-122.843075,200m/data=!3m1!1e3",,
7611,1,0.00-0.20,no,49.478669444,-123.84465,Sechelt,British Columbia,1. BC_Jan11.xlsx,,"https://www.google.com/maps/@49.478669444,-123.84465,200m/data=!3m1!1e3",,
8300,9,0.00-0.20,no,49.217527778,-122.9801,Burnaby,British Columbia,1. BC_Jan11.xlsx,,"https://www.google.com/maps/@49.217527778,-122.9801,200m/data=!3m1!1e3",,
9005,6,0.00-0.20,no,49.861352778,-124.542863889,Powell River,British Columbia,1. BC_Jan11.xlsx,,"https://www.google.com/maps/@49.861352778,-124.542863889,200m/data=!3m1!1e3",,
9694,3,0.00-0.20,no,54.3325,-122.613611111,Area G (Crooked River/Parsnip),British Columbia,1. BC_Jan11.xlsx,,"https://www.google.com/maps/@54.3325,-122.613611111,200m/data=!3m1!1e3",,
10415,3,0.00-0.20,no,55.6216666670001,-126.084166667,Area C (Stuart Lake/Omineca Valley),British Columbia,1. BC_Jan11.xlsx,,"https://www.google.com/maps/@55.6216666670001,-126.084166667,200m/data=!3m1!1e3",,
11306,1,0.00-0.20,no,57.334138889,-111.781777778,Wood Buffalo,Alberta,2. Alberta_Jan11.xlsx,,"https://www.google.com/maps/@57.334138889,-111.781777778,200m/data=!3m1!1e3",,
12328,13,0.00-0.20,no,51.068888889,-113.912305556,Calgary,Alberta,2. Alberta_Jan11.xlsx,,"https://www.google.com/maps/@51.068888889,-113.912305556,200m/data=!3m1!1e3",,
13413,1,0.00-0.20,no,53.525475,-112.997236111,Strathcona County,Alberta,2. Alberta_Jan11.xlsx,,"https://www.google.com/maps/@53.525475,-112.997236111,200m/data=!3m1!1e3",,
14443,3,0.00-0.20,no,56.1457222220001,-113.456194444,Municipal District of Opportunity,Alberta,2. Alberta_Jan11.xlsx,,"https://www.google.com/maps/@56.1457222220001,-113.456194444,200m/data=!3m1!1e3",,
15438,10,0.00-0.20,no,51.010277778,-114.005833333,Calgary,Alberta,2. Alberta_Jan11.xlsx,,"https://www.google.com/maps/@51.010277778,-114.005833333,200m/data=!3m1!1e3",,
17034,3,0.00-0.20,no,49.37778889,-103.3863972,Cymri No. 36,Saskatchewan,3. Saskatchewan_Jan11.xlsx,,"https://www.google.com/maps/@49.37778889,-103.3863972,200m/data=!3m1!1e3",,
21269,19,0.00-0.20,no,48.449919444,-89.207308333,Thunder Bay,Ontario,5. Ontario_Jan12.xlsx,,"https://www.google.com/maps/@48.449919444,-89.207308333,200m/data=!3m1!1e3",,
24650,14,0.00-0.20,no,44.2183527780001,-77.239902778,Tyendinaga,Ontario,5. Ontario_Jan12.xlsx,,"https://www.google.com/maps/@44.2183527780001,-77.239902778,200m/data=!3m1!1e3",,
27297,5,0.00-0.20,no,46.446388889,-80.352777778,Markstay-Warren,Ontario,5. Ontario_Jan12.xlsx,,"https://www.google.com/maps/@46.446388889,-80.352777778,200m/data=!3m1!1e3",,
30010,14,0.00-0.20,no,43.1359305560001,-80.5196,Brant County,Ontario,5. Ontario_Jan12.xlsx,,"https://www.google.com/maps/@43.1359305560001,-80.5196,200m/data=!3m1!1e3",,
32595,5,0.00-0.20,no,43.0575805560001,-81.369130556,Middlesex Centre,Ontario,5. Ontario_Jan12.xlsx,,"https://www.google.com/maps/@43.0575805560001,-81.369130556,200m/data=!3m1!1e3",,
34942,18,0.00-0.20,no,42.9325000000001,-78.95575,Fort Erie,Ontario,5. Ontario_Jan12.xlsx,,"https://www.google.com/maps/@42.9325000000001,-78.95575,200m/data=!3m1!1e3",,
36562,9,0.00-0.20,no,49.1790111110001,-64.840875,Cloridorme,Quebec,6. Quebec_Jan11.xlsx,,"https://www.google.com/maps/@49.1790111110001,-64.840875,200m/data=!3m1!1e3",,
37377,5,0.00-0.20,no,46.7958333330001,-71.289722222,Québec,Quebec,6. Quebec_Jan11.xlsx,,"https://www.google.com/maps/@46.7958333330001,-71.289722222,200m/data=!3m1!1e3",,
38378,9,0.00-0.20,no,45.909897222,-72.4814083329999,Drummondville,Quebec,6. Quebec_Jan11.xlsx,,"https://www.google.com/maps/@45.909897222,-72.4814083329999,200m/data=!3m1!1e3",,
39439,10,0.00-0.20,no,45.576588889,-73.8778833329999,Saint-Eustache,Quebec,6. Quebec_Jan11.xlsx,,"https://www.google.com/maps/@45.576588889,-73.8778833329999,200m/data=!3m1!1e3",,
40384,8,0.00-0.20,no,45.5189750000001,-73.5495611109999,Ville-Marie,Quebec,6. Quebec_Jan11.xlsx,,"https://www.google.com/maps/@45.5189750000001,-73.5495611109999,200m/data=!3m1!1e3",,
41228,9,0.00-0.20,no,45.5498000000001,-73.762352778,Québec,Quebec,6. Quebec_Jan11.xlsx,,"https://www.google.com/maps/@45.5498000000001,-73.762352778,200m/data=!3m1!1e3",,
42037,4,0.00-0.20,no,48.4708000000001,-71.6541999999999,Saint-Bruno,Quebec,6. Quebec_Jan11.xlsx,,"https://www.google.com/maps/@48.4708000000001,-71.6541999999999,200m/data=!3m1!1e3",,
42809,9,0.00-0.20,no,45.5395055560001,-73.3677777779999,Saint-Bruno-de-Montarville,Quebec,6. Quebec_Jan11.xlsx,,"https://www.google.com/maps/@45.5395055560001,-73.3677777779999,200m/data=!3m1!1e3",,
43562,18,0.00-0.20,no,45.3847500000001,-71.9648749999999,Sherbrooke,Quebec,6. Quebec_Jan11.xlsx,,"https://www.google.com/maps/@45.3847500000001,-71.9648749999999,200m/data=!3m1!1e3",,
44329,5,0.00-0.20,no,46.708663889,-71.886436111,Portneuf,Quebec,6. Quebec_Jan11.xlsx,,"https://www.google.com/maps/@46.708663889,-71.886436111,200m/data=!3m1!1e3",,
45075,5,0.00-0.20,no,46.128819444,-70.654947222,Saint-Georges,Quebec,6. Quebec_Jan11.xlsx,,"https://www.google.com/maps/@46.128819444,-70.654947222,200m/data=!3m1!1e3",,
45802,3,0.00-0.20,no,47.210963889,-70.257916667,Saint-Jean-Port-Joli,Quebec,6. Quebec_Jan11.xlsx,,"https://www.google.com/maps/@47.210963889,-70.257916667,200m/data=!3m1!1e3",,
46525,1,0.00-0.20,no,46.4694944440001,-70.927452778,Saints-Anges,Quebec,6. Quebec_Jan11.xlsx,,"https://www.google.com/maps/@46.4694944440001,-70.927452778,200m/data=!3m1!1e3",,
2,31,0.20-0.40,no,49.261111111,-123.068611111,Vancouver,British Columbia,1. BC_Jan11.xlsx,,"https://www.google.com/maps/@49.261111111,-123.068611111,200m/data=!3m1!1e3",,
473,31,0.20-0.40,no,49.2276055560001,-123.154280556,Vancouver,British Columbia,1. BC_Jan11.xlsx,,"https://www.google.com/maps/@49.2276055560001,-123.154280556,200m/data=!3m1!1e3",,
1354,35,0.20-0.40,no,48.421858333,-123.477105556,Colwood,British Columbia,1. BC_Jan11.xlsx,,"https://www.google.com/maps/@48.421858333,-123.477105556,200m/data=!3m1!1e3",,
1860,33,0.20-0.40,no,49.529475,-115.765297222,Cranbrook,British Columbia,1. BC_Jan11.xlsx,,"https://www.google.com/maps/@49.529475,-115.765297222,200m/data=!3m1!1e3",,
2711,31,0.20-0.40,no,49.251236111,-123.153844444,Vancouver,British Columbia,1. BC_Jan11.xlsx,,"https://www.google.com/maps/@49.251236111,-123.153844444,200m/data=!3m1!1e3",,
3485,23,0.20-0.40,no,49.153611111,-123.155277778,Richmond,British Columbia,1. BC_Jan11.xlsx,,"https://www.google.com/maps/@49.153611111,-123.155277778,200m/data=!3m1!1e3",,
4634,21,0.20-0.40,no,49.3146888890001,-123.058558333,North Vancouver,British Columbia,1. BC_Jan11.xlsx,,"https://www.google.com/maps/@49.3146888890001,-123.058558333,200m/data=!3m1!1e3",,
5825,35,0.20-0.40,no,50.1147222220001,-122.9575,Whistler Resort Municipality,British Columbia,1. BC_Jan11.xlsx,,"https://www.google.com/maps/@50.1147222220001,-122.9575,200m/data=!3m1!1e3",,
6982,34,0.20-0.40,no,49.2179,-122.957727778,Burnaby,British Columbia,1. BC_Jan11.xlsx,,"https://www.google.com/maps/@49.2179,-122.957727778,200m/data=!3m1!1e3",,
8249,30,0.20-0.40,no,49.0342000000001,-123.070908333,Highlands,British Columbia,1. BC_Jan11.xlsx,,"https://www.google.com/maps/@49.0342000000001,-123.070908333,200m/data=!3m1!1e3",,
9459,30,0.20-0.40,no,49.2675,-123.186111111,Vancouver,British Columbia,1. BC_Jan11.xlsx,,"https://www.google.com/maps/@49.2675,-123.186111111,200m/data=!3m1!1e3",,
10552,23,0.20-0.40,no,49.263927778,-123.169733333,Vancouver,British Columbia,1. BC_Jan11.xlsx,,"https://www.google.com/maps/@49.263927778,-123.169733333,200m/data=!3m1!1e3",,
21238,20,0.20-0.40,no,44.5825861110001,-80.739847222,Meaford,Ontario,5. Ontario_Jan12.xlsx,,"https://www.google.com/maps/@44.5825861110001,-80.739847222,200m/data=!3m1!1e3",,
22488,23,0.20-0.40,no,45.299491667,-79.277363889,Huntsville,Ontario,5. Ontario_Jan12.xlsx,,"https://www.google.com/maps/@45.299491667,-79.277363889,200m/data=!3m1!1e3",,
23360,21,0.20-0.40,no,45.3910916670001,-75.6648,Ottawa,Ontario,5. Ontario_Jan12.xlsx,,"https://www.google.com/maps/@45.3910916670001,-75.6648,200m/data=!3m1!1e3",,
24258,33,0.20-0.40,no,43.7020000000001,-79.261,Toronto,Ontario,5. Ontario_Jan12.xlsx,,"https://www.google.com/maps/@43.7020000000001,-79.261,200m/data=!3m1!1e3",,
25202,21,0.20-0.40,no,45.6152777780001,-80.3875,Central Ontario,Ontario,5. Ontario_Jan12.xlsx,,"https://www.google.com/maps/@45.6152777780001,-80.3875,200m/data=!3m1!1e3",,
26232,24,0.20-0.40,no,46.553527778,-80.891111111,Greater Sudbury,Ontario,5. Ontario_Jan12.xlsx,,"https://www.google.com/maps/@46.553527778,-80.891111111,200m/data=!3m1!1e3",,
27178,28,0.20-0.40,no,49.7252250000001,-92.610386111,Northwestern Ontario,Ontario,5. Ontario_Jan12.xlsx,,"https://www.google.com/maps/@49.7252250000001,-92.610386111,200m/data=!3m1!1e3",,
28099,26,0.20-0.40,no,45.341269444,-75.752269444,Ottawa,Ontario,5. Ontario_Jan12.xlsx,,"https://www.google.com/maps/@45.341269444,-75.752269444,200m/data=!3m1!1e3",,
28939,39,0.20-0.40,no,43.662661111,-79.5443,Toronto,Ontario,5. Ontario_Jan12.xlsx,,"https://www.google.com/maps/@43.662661111,-79.5443,200m/data=!3m1!1e3",,
29752,39,0.20-0.40,no,48.4652972220001,-89.227197222,Thunder Bay,Ontario,5. Ontario_Jan12.xlsx,,"https://www.google.com/maps/@48.4652972220001,-89.227197222,200m/data=!3m1!1e3",,
30553,36,0.20-0.40,no,43.971472222,-80.9924444439999,Howick,Ontario,5. Ontario_Jan12.xlsx,,"https://www.google.com/maps/@43.971472222,-80.9924444439999,200m/data=!3m1!1e3",,
31273,30,0.20-0.40,no,43.7280500000001,-79.3921,Toronto,Ontario,5. Ontario_Jan12.xlsx,,"https://www.google.com/maps/@43.7280500000001,-79.3921,200m/data=!3m1!1e3",,
31989,23,0.20-0.40,no,46.4655805560001,-80.429419444,Markstay-Warren,Ontario,5. Ontario_Jan12.xlsx,,"https://www.google.com/maps/@46.4655805560001,-80.429419444,200m/data=!3m1!1e3",,
32813,23,0.20-0.40,no,49.7852777780001,-92.840555556,Dryden,Ontario,5. Ontario_Jan12.xlsx,,"https://www.google.com/maps/@49.7852777780001,-92.840555556,200m/data=!3m1!1e3",,
33613,38,0.20-0.40,no,43.7547416670001,-79.379052778,Toronto,Ontario,5. Ontario_Jan12.xlsx,,"https://www.google.com/maps/@43.7547416670001,-79.379052778,200m/data=!3m1!1e3",,
34399,21,0.20-0.40,no,45.452458333,-75.6820888889999,Ottawa,Ontario,5. Ontario_Jan12.xlsx,,"https://www.google.com/maps/@45.452458333,-75.6820888889999,200m/data=!3m1!1e3",,
35245,39,0.20-0.40,no,43.7060888890001,-79.3459,Toronto,Ontario,5. Ontario_Jan12.xlsx,,"https://www.google.com/maps/@43.7060888890001,-79.3459,200m/data=!3m1!1e3",,
36072,35,0.20-0.40,no,42.893333333,-82.1297222219999,Petrolia,Ontario,5. Ontario_Jan12.xlsx,,"https://www.google.com/maps/@42.893333333,-82.1297222219999,200m/data=!3m1!1e3",,
37356,30,0.20-0.40,no,45.4958333330001,-73.576388889,Ville-Marie,Quebec,6. Quebec_Jan11.xlsx,,"https://www.google.com/maps/@45.4958333330001,-73.576388889,200m/data=!3m1!1e3",,
38023,39,0.20-0.40,no,46.790875,-71.2445638889999,Québec,Quebec,6. Quebec_Jan11.xlsx,,"https://www.google.com/maps/@46.790875,-71.2445638889999,200m/data=!3m1!1e3",,
38811,39,0.20-0.40,no,45.475347222,-73.661241667,Québec,Quebec,6. Quebec_Jan11.xlsx,,"https://www.google.com/maps/@45.475347222,-73.661241667,200m/data=!3m1!1e3",,
39476,30,0.20-0.40,no,45.497797222,-73.6292972219999,Québec,Quebec,6. Quebec_Jan11.xlsx,,"https://www.google.com/maps/@45.497797222,-73.6292972219999,200m/data=!3m1!1e3",,
40238,28,0.20-0.40,no,48.53,-71.633055556,Alma,Quebec,6. Quebec_Jan11.xlsx,,"https://www.google.com/maps/@48.53,-71.633055556,200m/data=!3m1!1e3",,
41137,36,0.20-0.40,no,45.6182055560001,-73.744277778,Québec,Quebec,6. Quebec_Jan11.xlsx,,"https://www.google.com/maps/@45.6182055560001,-73.744277778,200m/data=!3m1!1e3",,
42166,29,0.20-0.40,no,45.5006527780001,-73.561775,Ville-Marie,Quebec,6. Quebec_Jan11.xlsx,,"https://www.google.com/maps/@45.5006527780001,-73.561775,200m/data=!3m1!1e3",,
43362,34,0.20-0.40,no,46.280277778,-73.8794444439999,Québec,Quebec,6. Quebec_Jan11.xlsx,,"https://www.google.com/maps/@46.280277778,-73.8794444439999,200m/data=!3m1!1e3",,
44539,34,0.20-0.40,no,45.951111111,-73.865,Saint-Calixte,Quebec,6. Quebec_Jan11.xlsx,,"https://www.google.com/maps/@45.951111111,-73.865,200m/data=!3m1!1e3",,
45790,20,0.20-0.40,no,45.5019833330001,-73.5721972219999,Ville-Marie,Quebec,6. Quebec_Jan11.xlsx,,"https://www.google.com/maps/@45.5019833330001,-73.5721972219999,200m/data=!3m1!1e3",,
42,40,0.40-flag,no,49.075277778,-122.5725,Langley,British Columbia,1. BC_Jan11.xlsx,,"https://www.google.com/maps/@49.075277778,-122.5725,200m/data=!3m1!1e3",,
4475,40,0.40-flag,no,50.3675277780001,-119.063666667,Area C (Silver Star),British Columbia,1. BC_Jan11.xlsx,,"https://www.google.com/maps/@50.3675277780001,-119.063666667,200m/data=!3m1!1e3",,
21074,40,0.40-flag,no,44.4956000000001,-79.794897222,Springwater,Ontario,5. Ontario_Jan12.xlsx,,"https://www.google.com/maps/@44.4956000000001,-79.794897222,200m/data=!3m1!1e3",,
21661,55,0.40-flag,no,44.2644000000001,-79.4652972219999,Georgina,Ontario,5. Ontario_Jan12.xlsx,,"https://www.google.com/maps/@44.2644000000001,-79.4652972219999,200m/data=!3m1!1e3",,
22358,55,0.40-flag,no,46.4916666670001,-80.9922194439999,Greater Sudbury,Ontario,5. Ontario_Jan12.xlsx,,"https://www.google.com/maps/@46.4916666670001,-80.9922194439999,200m/data=!3m1!1e3",,
22877,48,0.40-flag,no,44.9066666670001,-78.731388889,Minden Hills,Ontario,5. Ontario_Jan12.xlsx,,"https://www.google.com/maps/@44.9066666670001,-78.731388889,200m/data=!3m1!1e3",,
23354,43,0.40-flag,no,44.2936,-79.614197222,Innisfil,Ontario,5. Ontario_Jan12.xlsx,,"https://www.google.com/maps/@44.2936,-79.614197222,200m/data=!3m1!1e3",,
23864,55,0.40-flag,no,43.645,-79.528055556,Toronto,Ontario,5. Ontario_Jan12.xlsx,,"https://www.google.com/maps/@43.645,-79.528055556,200m/data=!3m1!1e3",,
24379,44,0.40-flag,no,43.83925,-79.235611111,Toronto,Ontario,5. Ontario_Jan12.xlsx,,"https://www.google.com/maps/@43.83925,-79.235611111,200m/data=!3m1!1e3",,
24887,55,0.40-flag,no,43.8969000000001,-78.8595999999999,Oshawa,Ontario,5. Ontario_Jan12.xlsx,,"https://www.google.com/maps/@43.8969000000001,-78.8595999999999,200m/data=!3m1!1e3",,
25441,56,0.40-flag,no,43.9416305560001,-80.1148527779999,Mono,Ontario,5. Ontario_Jan12.xlsx,,"https://www.google.com/maps/@43.9416305560001,-80.1148527779999,200m/data=!3m1!1e3",,
26061,56,0.40-flag,no,45.4830277780001,-75.5459472219999,Ottawa,Ontario,5. Ontario_Jan12.xlsx,,"https://www.google.com/maps/@45.4830277780001,-75.5459472219999,200m/data=!3m1!1e3",,
26554,51,0.40-flag,no,44.308080556,-77.797380556,Trent Hills,Ontario,5. Ontario_Jan12.xlsx,,"https://www.google.com/maps/@44.308080556,-77.797380556,200m/data=!3m1!1e3",,
27008,41,0.40-flag,no,49.009416667,-88.266277778,Northwestern Ontario,Ontario,5. Ontario_Jan12.xlsx,,"https://www.google.com/maps/@49.009416667,-88.266277778,200m/data=!3m1!1e3",,
27511,54,0.40-flag,no,51.021666667,-93.828888889,Red Lake,Ontario,5. Ontario_Jan12.xlsx,,"https://www.google.com/maps/@51.021666667,-93.828888889,200m/data=!3m1!1e3",,
27980,46,0.40-flag,no,48.6850000000001,-93.2499999999999,Northwestern Ontario,Ontario,5. Ontario_Jan12.xlsx,,"https://www.google.com/maps/@48.6850000000001,-93.2499999999999,200m/data=!3m1!1e3",,
28475,56,0.40-flag,no,43.8246833330001,-79.338266667,Markham,Ontario,5. Ontario_Jan12.xlsx,,"https://www.google.com/maps/@43.8246833330001,-79.338266667,200m/data=!3m1!1e3",,
28985,49,0.40-flag,no,42.3070888890001,-82.545727778,Lakeshore,Ontario,5. Ontario_Jan12.xlsx,,"https://www.google.com/maps/@42.3070888890001,-82.545727778,200m/data=!3m1!1e3",,
29540,41,0.40-flag,no,43.4233888890001,-79.757958333,Oakville,Ontario,5. Ontario_Jan12.xlsx,,"https://www.google.com/maps/@43.4233888890001,-79.757958333,200m/data=!3m1!1e3",,
30011,45,0.40-flag,no,42.1880555560001,-83.077222222,LaSalle,Ontario,5. Ontario_Jan12.xlsx,,"https://www.google.com/maps/@42.1880555560001,-83.077222222,200m/data=!3m1!1e3",,
30481,54,0.40-flag,no,43.1850000000001,-79.8747222219999,Hamilton,Ontario,5. Ontario_Jan12.xlsx,,"https://www.google.com/maps/@43.1850000000001,-79.8747222219999,200m/data=!3m1!1e3",,
30959,44,0.40-flag,no,43.5161444440001,-79.827005556,Milton,Ontario,5. Ontario_Jan12.xlsx,,"https://www.google.com/maps/@43.5161444440001,-79.827005556,200m/data=!3m1!1e3",,
31452,54,0.40-flag,no,43.637527778,-79.3446499999999,Toronto,Ontario,5. Ontario_Jan12.xlsx,,"https://www.google.com/maps/@43.637527778,-79.3446499999999,200m/data=!3m1!1e3",,
31940,44,0.40-flag,no,48.4022000000001,-89.6118999999999,Oliver Paipoonge,Ontario,5. Ontario_Jan12.xlsx,,"https://www.google.com/maps/@48.4022000000001,-89.6118999999999,200m/data=!3m1!1e3",,
32436,50,0.40-flag,no,43.259230556,-79.0734027779999,Niagara-on-the-Lake,Ontario,5. Ontario_Jan12.xlsx,,"https://www.google.com/maps/@43.259230556,-79.0734027779999,200m/data=!3m1!1e3",,
32889,40,0.40-flag,no,42.3572222220001,-81.8716666669999,Chatham-Kent,Ontario,5. Ontario_Jan12.xlsx,,"https://www.google.com/maps/@42.3572222220001,-81.8716666669999,200m/data=!3m1!1e3",,
33362,53,0.40-flag,no,43.7169000000001,-81.6733,Central Huron,Ontario,5. Ontario_Jan12.xlsx,,"https://www.google.com/maps/@43.7169000000001,-81.6733,200m/data=!3m1!1e3",,
33845,41,0.40-flag,no,42.9554166670001,-82.340527778,Sarnia,Ontario,5. Ontario_Jan12.xlsx,,"https://www.google.com/maps/@42.9554166670001,-82.340527778,200m/data=!3m1!1e3",,
34333,54,0.40-flag,no,45.4024666670001,-75.6915999999999,Ottawa,Ontario,5. Ontario_Jan12.xlsx,,"https://www.google.com/maps/@45.4024666670001,-75.6915999999999,200m/data=!3m1!1e3",,
34889,56,0.40-flag,no,43.701111111,-79.7,Brampton,Ontario,5. Ontario_Jan12.xlsx,,"https://www.google.com/maps/@43.701111111,-79.7,200m/data=!3m1!1e3",,
35370,44,0.40-flag,no,43.9338888890001,-78.3038888889999,Port Hope,Ontario,5. Ontario_Jan12.xlsx,,"https://www.google.com/maps/@43.9338888890001,-78.3038888889999,200m/data=!3m1!1e3",,
35900,50,0.40-flag,no,43.4875000000001,-79.7541666669999,Oakville,Ontario,5. Ontario_Jan12.xlsx,,"https://www.google.com/maps/@43.4875000000001,-79.7541666669999,200m/data=!3m1!1e3",,
37037,46,0.40-flag,no,45.5571,-73.6950666669999,Québec,Quebec,6. Quebec_Jan11.xlsx,,"https://www.google.com/maps/@45.5571,-73.6950666669999,200m/data=!3m1!1e3",,
37710,49,0.40-flag,no,45.656563889,-73.8526527779999,Blainville,Quebec,6. Quebec_Jan11.xlsx,,"https://www.google.com/maps/@45.656563889,-73.8526527779999,200m/data=!3m1!1e3",,
38477,41,0.40-flag,no,45.560336111,-73.573830556,Québec,Quebec,6. Quebec_Jan11.xlsx,,"https://www.google.com/maps/@45.560336111,-73.573830556,200m/data=!3m1!1e3",,
39111,43,0.40-flag,no,46.013611111,-73.101111111,Sorel-Tracy,Quebec,6. Quebec_Jan11.xlsx,,"https://www.google.com/maps/@46.013611111,-73.101111111,200m/data=!3m1!1e3",,
40053,40,0.40-flag,no,45.133755556,-71.8144583329999,Coaticook,Quebec,6. Quebec_Jan11.xlsx,,"https://www.google.com/maps/@45.133755556,-71.8144583329999,200m/data=!3m1!1e3",,
40937,44,0.40-flag,no,45.325,-73.266944444,Saint-Jean-sur-Richelieu,Quebec,6. Quebec_Jan11.xlsx,,"https://www.google.com/maps/@45.325,-73.266944444,200m/data=!3m1!1e3",,
42338,43,0.40-flag,no,45.895,-72.5359,Drummondville,Quebec,6. Quebec_Jan11.xlsx,,"https://www.google.com/maps/@45.895,-72.5359,200m/data=!3m1!1e3",,
44261,44,0.40-flag,no,45.589338889,-73.5395833329999,Mercier,Quebec,6. Quebec_Jan11.xlsx,,"https://www.google.com/maps/@45.589338889,-73.5395833329999,200m/data=!3m1!1e3",,
20263,58,flag-0.75,yes,43.5427777780001,-79.880555556,Milton,Ontario,5. Ontario_Jan12.xlsx,,"https://www.google.com/maps/@43.5427777780001,-79.880555556,200m/data=!3m1!1e3",,
21103,63,flag-0.75,yes,43.259166667,-79.917777778,Hamilton,Ontario,5. Ontario_Jan12.xlsx,,"https://www.google.com/maps/@43.259166667,-79.917777778,200m/data=!3m1!1e3",,
21607,63,flag-0.75,yes,43.730363889,-79.43325,Toronto,Ontario,5. Ontario_Jan12.xlsx,,"https://www.google.com/maps/@43.730363889,-79.43325,200m/data=!3m1!1e3",,
21978,59,flag-0.75,yes,43.5777194440001,-79.829127778,Halton Hills,Ontario,5. Ontario_Jan12.xlsx,,"https://www.google.com/maps/@43.5777194440001,-79.829127778,200m/data=!3m1!1e3",,
22357,64,flag-0.75,yes,43.639866667,-79.712802778,Mississauga,Ontario,5. Ontario_Jan12.xlsx,,"https://www.google.com/maps/@43.639866667,-79.712802778,200m/data=!3m1!1e3",,
22776,65,flag-0.75,yes,43.6061222220001,-79.8959166669999,Halton Hills,Ontario,5. Ontario_Jan12.xlsx,,"https://www.google.com/maps/@43.6061222220001,-79.8959166669999,200m/data=!3m1!1e3",,
23177,65,flag-0.75,yes,42.291897222,-82.710452778,Lakeshore,Ontario,5. Ontario_Jan12.xlsx,,"https://www.google.com/maps/@42.291897222,-82.710452778,200m/data=!3m1!1e3",,
23636,63,flag-0.75,yes,43.3470888890001,-79.791294444,Burlington,Ontario,5. Ontario_Jan12.xlsx,,"https://www.google.com/maps/@43.3470888890001,-79.791294444,200m/data=!3m1!1e3",,
23952,63,flag-0.75,yes,43.7064194440001,-79.399372222,Toronto,Ontario,5. Ontario_Jan12.xlsx,,"https://www.google.com/maps/@43.7064194440001,-79.399372222,200m/data=!3m1!1e3",,
24361,58,flag-0.75,yes,43.693741667,-79.278772222,Toronto,Ontario,5. Ontario_Jan12.xlsx,,"https://www.google.com/maps/@43.693741667,-79.278772222,200m/data=!3m1!1e3",,
24752,60,flag-0.75,yes,43.642219444,-79.631108333,Mississauga,Ontario,5. Ontario_Jan12.xlsx,,"https://www.google.com/maps/@43.642219444,-79.631108333,200m/data=!3m1!1e3",,
25112,73,flag-0.75,yes,43.6384444440001,-79.562083333,Toronto,Ontario,5. Ontario_Jan12.xlsx,,"https://www.google.com/maps/@43.6384444440001,-79.562083333,200m/data=!3m1!1e3",,
25523,60,flag-0.75,yes,45.34975,-75.675138889,Ottawa,Ontario,5. Ontario_Jan12.xlsx,,"https://www.google.com/maps/@45.34975,-75.675138889,200m/data=!3m1!1e3",,
25792,64,flag-0.75,yes,43.839444444,-79.538055556,Vaughan,Ontario,5. Ontario_Jan12.xlsx,,"https://www.google.com/maps/@43.839444444,-79.538055556,200m/data=!3m1!1e3",,
26147,63,flag-0.75,yes,43.81375,-79.7374166669999,Brampton,Ontario,5. Ontario_Jan12.xlsx,,"https://www.google.com/maps/@43.81375,-79.7374166669999,200m/data=!3m1!1e3",,
26583,60,flag-0.75,yes,43.7039583330001,-79.582566667,Toronto,Ontario,5. Ontario_Jan12.xlsx,,"https://www.google.com/maps/@43.7039583330001,-79.582566667,200m/data=!3m1!1e3",,
26973,63,flag-0.75,yes,42.587130556,-82.388483333,Chatham-Kent,Ontario,5. Ontario_Jan12.xlsx,,"https://www.google.com/maps/@42.587130556,-82.388483333,200m/data=!3m1!1e3",,
27324,73,flag-0.75,yes,43.630469444,-79.900330556,Halton Hills,Ontario,5. Ontario_Jan12.xlsx,,"https://www.google.com/maps/@43.630469444,-79.900330556,200m/data=!3m1!1e3",,
27682,63,flag-0.75,yes,42.936661111,-81.1677861109999,London,Ontario,5. Ontario_Jan12.xlsx,,"https://www.google.com/maps/@42.936661111,-81.1677861109999,200m/data=!3m1!1e3",,
28036,68,flag-0.75,yes,43.0436111110001,-81.220833333,London,Ontario,5. Ontario_Jan12.xlsx,,"https://www.google.com/maps/@43.0436111110001,-81.220833333,200m/data=!3m1!1e3",,
28502,58,flag-0.75,yes,43.3877944440001,-79.79195,Burlington,Ontario,5. Ontario_Jan12.xlsx,,"https://www.google.com/maps/@43.3877944440001,-79.79195,200m/data=!3m1!1e3",,
28854,61,flag-0.75,yes,43.3638888890001,-80.3127777779999,Cambridge,Ontario,5. Ontario_Jan12.xlsx,,"https://www.google.com/maps/@43.3638888890001,-80.3127777779999,200m/data=!3m1!1e3",,
29188,71,flag-0.75,yes,43.7568805560001,-79.489141667,Toronto,Ontario,5. Ontario_Jan12.xlsx,,"https://www.google.com/maps/@43.7568805560001,-79.489141667,200m/data=!3m1!1e3",,
29607,59,flag-0.75,yes,43.685575,-79.3125666669999,Toronto,Ontario,5. Ontario_Jan12.xlsx,,"https://www.google.com/maps/@43.685575,-79.3125666669999,200m/data=!3m1!1e3",,
29979,64,flag-0.75,yes,43.716388889,-79.309444444,Toronto,Ontario,5. Ontario_Jan12.xlsx,,"https://www.google.com/maps/@43.716388889,-79.309444444,200m/data=!3m1!1e3",,
30340,63,flag-0.75,yes,43.8087,-79.4521999999999,Vaughan,Ontario,5. Ontario_Jan12.xlsx,,"https://www.google.com/maps/@43.8087,-79.4521999999999,200m/data=!3m1!1e3",,
30734,61,flag-0.75,yes,43.452405556,-80.494530556,Kitchener,Ontario,5. Ontario_Jan12.xlsx,,"https://www.google.com/maps/@43.452405556,-80.494530556,200m/data=!3m1!1e3",,
31169,64,flag-0.75,yes,43.5997444440001,-79.5865666669999,Mississauga,Ontario,5. Ontario_Jan12.xlsx,,"https://www.google.com/maps/@43.5997444440001,-79.5865666669999,200m/data=!3m1!1e3",,
31578,71,flag-0.75,yes,43.6708027780001,-79.378752778,Toronto,Ontario,5. Ontario_Jan12.xlsx,,"https://www.google.com/maps/@43.6708027780001,-79.378752778,200m/data=!3m1!1e3",,
31981,59,flag-0.75,yes,43.710397222,-79.2913,Toronto,Ontario,5. Ontario_Jan12.xlsx,,"https://www.google.com/maps/@43.710397222,-79.2913,200m/data=!3m1!1e3",,
32290,69,flag-0.75,yes,43.7866666670001,-79.1941666669999,Toronto,Ontario,5. Ontario_Jan12.xlsx,,"https://www.google.com/maps/@43.7866666670001,-79.1941666669999,200m/data=!3m1!1e3",,
32683,63,flag-0.75,yes,42.2413888890001,-82.950555556,Tecumseh,Ontario,5. Ontario_Jan12.xlsx,,"https://www.google.com/maps/@42.2413888890001,-82.950555556,200m/data=!3m1!1e3",,
33040,73,flag-0.75,yes,43.512222222,-79.6263888889999,Mississauga,Ontario,5. Ontario_Jan12.xlsx,,"https://www.google.com/maps/@43.512222222,-79.6263888889999,200m/data=!3m1!1e3",,
33367,74,flag-0.75,yes,43.7445805560001,-79.404711111,Toronto,Ontario,5. Ontario_Jan12.xlsx,,"https://www.google.com/maps/@43.7445805560001,-79.404711111,200m/data=!3m1!1e3",,
33752,66,flag-0.75,yes,43.6509333330001,-79.397655556,Toronto,Ontario,5. Ontario_Jan12.xlsx,,"https://www.google.com/maps/@43.6509333330001,-79.397655556,200m/data=!3m1!1e3",,
34171,60,flag-0.75,yes,43.451388889,-79.6836111109999,Oakville,Ontario,5. Ontario_Jan12.xlsx,,"https://www.google.com/maps/@43.451388889,-79.6836111109999,200m/data=!3m1!1e3",,
34623,58,flag-0.75,yes,43.0052027780001,-81.2760222219999,London,Ontario,5. Ontario_Jan12.xlsx,,"https://www.google.com/maps/@43.0052027780001,-81.2760222219999,200m/data=!3m1!1e3",,
35054,58,flag-0.75,yes,43.6005555560001,-79.640555556,Mississauga,Ontario,5. Ontario_Jan12.xlsx,,"https://www.google.com/maps/@43.6005555560001,-79.640555556,200m/data=!3m1!1e3",,
35422,59,flag-0.75,yes,45.4725,-75.491944444,Ottawa,Ontario,5. Ontario_Jan12.xlsx,,"https://www.google.com/maps/@45.4725,-75.491944444,200m/data=!3m1!1e3",,
35832,61,flag-0.75,yes,43.463583333,-79.674583333,Oakville,Ontario,5. Ontario_Jan12.xlsx,,"https://www.google.com/maps/@43.463583333,-79.674583333,200m/data=!3m1!1e3",,
20755,80,0.75-1.00,yes,43.2283333330001,-79.840313889,Hamilton,Ontario,5. Ontario_Jan12.xlsx,,"https://www.google.com/maps/@43.2283333330001,-79.840313889,200m/data=!3m1!1e3",,
21041,79,0.75-1.00,yes,44.0397194440001,-79.474719444,Newmarket,Ontario,5. Ontario_Jan12.xlsx,,"https://www.google.com/maps/@44.0397194440001,-79.474719444,200m/data=!3m1!1e3",,
21532,76,0.75-1.00,yes,43.5314805560001,-80.228086111,Guelph,Ontario,5. Ontario_Jan12.xlsx,,"https://www.google.com/maps/@43.5314805560001,-80.228086111,200m/data=!3m1!1e3",,
21761,79,0.75-1.00,yes,43.678330556,-79.4961083329999,Toronto,Ontario,5. Ontario_Jan12.xlsx,,"https://www.google.com/maps/@43.678330556,-79.4961083329999,200m/data=!3m1!1e3",,
22034,78,0.75-1.00,yes,43.681052778,-79.42815,Toronto,Ontario,5. Ontario_Jan12.xlsx,,"https://www.google.com/maps/@43.681052778,-79.42815,200m/data=!3m1!1e3",,
22399,75,0.75-1.00,yes,43.180719444,-79.804991667,Hamilton,Ontario,5. Ontario_Jan12.xlsx,,"https://www.google.com/maps/@43.180719444,-79.804991667,200m/data=!3m1!1e3",,
22698,81,0.75-1.00,yes,43.7794916670001,-79.365855556,Toronto,Ontario,5. Ontario_Jan12.xlsx,,"https://www.google.com/maps/@43.7794916670001,-79.365855556,200m/data=!3m1!1e3",,
23007,76,0.75-1.00,yes,43.2105916670001,-79.2265,St. Catharines,Ontario,5. Ontario_Jan12.xlsx,,"https://www.google.com/maps/@43.2105916670001,-79.2265,200m/data=!3m1!1e3",,
23465,79,0.75-1.00,yes,43.641666667,-79.411519444,Toronto,Ontario,5. Ontario_Jan12.xlsx,,"https://www.google.com/maps/@43.641666667,-79.411519444,200m/data=!3m1!1e3",,
23821,83,0.75-1.00,yes,43.648611111,-79.3858333329999,Toronto,Ontario,5. Ontario_Jan12.xlsx,,"https://www.google.com/maps/@43.648611111,-79.3858333329999,200m/data=!3m1!1e3",,
24177,76,0.75-1.00,yes,42.9816666670001,-81.2455555559999,London,Ontario,5. Ontario_Jan12.xlsx,,"https://www.google.com/maps/@42.9816666670001,-81.2455555559999,200m/data=!3m1!1e3",,
24368,78,0.75-1.00,yes,43.599116667,-79.680155556,Mississauga,Ontario,5. Ontario_Jan12.xlsx,,"https://www.google.com/maps/@43.599116667,-79.680155556,200m/data=!3m1!1e3",,
24640,76,0.75-1.00,yes,43.711111111,-79.397738889,Toronto,Ontario,5. Ontario_Jan12.xlsx,,"https://www.google.com/maps/@43.711111111,-79.397738889,200m/data=!3m1!1e3",,
24975,80,0.75-1.00,yes,43.651361111,-79.383486111,Toronto,Ontario,5. Ontario_Jan12.xlsx,,"https://www.google.com/maps/@43.651361111,-79.383486111,200m/data=!3m1!1e3",,
25385,76,0.75-1.00,yes,43.184094444,-80.282952778,Brantford,Ontario,5. Ontario_Jan12.xlsx,,"https://www.google.com/maps/@43.184094444,-80.282952778,200m/data=!3m1!1e3",,
25737,80,0.75-1.00,yes,43.658611111,-79.398611111,Toronto,Ontario,5. Ontario_Jan12.xlsx,,"https://www.google.com/maps/@43.658611111,-79.398611111,200m/data=!3m1!1e3",,
25990,80,0.75-1.00,yes,43.647461111,-79.380508333,Toronto,Ontario,5. Ontario_Jan12.xlsx,,"https://www.google.com/maps/@43.647461111,-79.380508333,200m/data=!3m1!1e3",,
26249,78,0.75-1.00,yes,44.562272222,-80.9701138889999,Georgian Bluffs,Ontario,5. Ontario_Jan12.xlsx,,"https://www.google.com/maps/@44.562272222,-80.9701138889999,200m/data=!3m1!1e3",,
26569,84,0.75-1.00,yes,43.6472388890001,-79.373088889,Toronto,Ontario,5. Ontario_Jan12.xlsx,,"https://www.google.com/maps/@43.6472388890001,-79.373088889,200m/data=!3m1!1e3",,
27050,76,0.75-1.00,yes,43.825,-79.274444444,Toronto,Ontario,5. Ontario_Jan12.xlsx,,"https://www.google.com/maps/@43.825,-79.274444444,200m/data=!3m1!1e3",,
27506,78,0.75-1.00,yes,43.6491777780001,-79.378405556,Toronto,Ontario,5. Ontario_Jan12.xlsx,,"https://www.google.com/maps/@43.6491777780001,-79.378405556,200m/data=!3m1!1e3",,
27903,76,0.75-1.00,yes,44.5681777780001,-80.940258333,Owen Sound,Ontario,5. Ontario_Jan12.xlsx,,"https://www.google.com/maps/@44.5681777780001,-80.940258333,200m/data=!3m1!1e3",,
28171,78,0.75-1.00,yes,43.653333333,-79.3838888889999,Toronto,Ontario,5. Ontario_Jan12.xlsx,,"https://www.google.com/maps/@43.653333333,-79.3838888889999,200m/data=!3m1!1e3",,
28500,80,0.75-1.00,yes,43.6672361110001,-79.394388889,Toronto,Ontario,5. Ontario_Jan12.xlsx,,"https://www.google.com/maps/@43.6672361110001,-79.394388889,200m/data=!3m1!1e3",,
28846,76,0.75-1.00,yes,43.0025000000001,-81.175277778,London,Ontario,5. Ontario_Jan12.xlsx,,"https://www.google.com/maps/@43.0025000000001,-81.175277778,200m/data=!3m1!1e3",,
29307,75,0.75-1.00,yes,42.9993555560001,-82.3633972219999,Sarnia,Ontario,5. Ontario_Jan12.xlsx,,"https://www.google.com/maps/@42.9993555560001,-82.3633972219999,200m/data=!3m1!1e3",,
29821,75,0.75-1.00,yes,43.6600861110001,-79.395494444,Toronto,Ontario,5. Ontario_Jan12.xlsx,,"https://www.google.com/maps/@43.6600861110001,-79.395494444,200m/data=!3m1!1e3",,
30218,81,0.75-1.00,yes,43.4700777780001,-80.546669444,Wilmot,Ontario,5. Ontario_Jan12.xlsx,,"https://www.google.com/maps/@43.4700777780001,-80.546669444,200m/data=!3m1!1e3",,
30719,80,0.75-1.00,yes,43.660336111,-79.3858,Toronto,Ontario,5. Ontario_Jan12.xlsx,,"https://www.google.com/maps/@43.660336111,-79.3858,200m/data=!3m1!1e3",,
31101,79,0.75-1.00,yes,43.7401611110001,-79.226691667,Toronto,Ontario,5. Ontario_Jan12.xlsx,,"https://www.google.com/maps/@43.7401611110001,-79.226691667,200m/data=!3m1!1e3",,
31382,83,0.75-1.00,yes,43.647752778,-79.390325,Toronto,Ontario,5. Ontario_Jan12.xlsx,,"https://www.google.com/maps/@43.647752778,-79.390325,200m/data=!3m1!1e3",,
31950,78,0.75-1.00,yes,43.6645,-79.3993,Toronto,Ontario,5. Ontario_Jan12.xlsx,,"https://www.google.com/maps/@43.6645,-79.3993,200m/data=!3m1!1e3",,
32473,79,0.75-1.00,yes,43.6680777780001,-79.390341667,Toronto,Ontario,5. Ontario_Jan12.xlsx,,"https://www.google.com/maps/@43.6680777780001,-79.390341667,200m/data=!3m1!1e3",,
32720,79,0.75-1.00,yes,43.035833333,-81.2547222219999,London,Ontario,5. Ontario_Jan12.xlsx,,"https://www.google.com/maps/@43.035833333,-81.2547222219999,200m/data=!3m1!1e3",,
33199,76,0.75-1.00,yes,43.6880555560001,-79.393055556,Toronto,Ontario,5. Ontario_Jan12.xlsx,,"https://www.google.com/maps/@43.6880555560001,-79.393055556,200m/data=!3m1!1e3",,
33757,79,0.75-1.00,yes,43.759469444,-79.410158333,Toronto,Ontario,5. Ontario_Jan12.xlsx,,"https://www.google.com/maps/@43.759469444,-79.410158333,200m/data=!3m1!1e3",,
33985,78,0.75-1.00,yes,43.6616333330001,-79.3826999999999,Toronto,Ontario,5. Ontario_Jan12.xlsx,,"https://www.google.com/maps/@43.6616333330001,-79.3826999999999,200m/data=!3m1!1e3",,
34503,83,0.75-1.00,yes,43.6463305560001,-79.3820499999999,Toronto,Ontario,5. Ontario_Jan12.xlsx,,"https://www.google.com/maps/@43.6463305560001,-79.3820499999999,200m/data=!3m1!1e3",,
34986,81,0.75-1.00,yes,43.654166667,-79.398333333,Toronto,Ontario,5. Ontario_Jan12.xlsx,,"https://www.google.com/maps/@43.654166667,-79.398333333,200m/data=!3m1!1e3",,
35655,75,0.75-1.00,yes,43.6683333330001,-79.399722222,Toronto,Ontario,5. Ontario_Jan12.xlsx,,"https://www.google.com/maps/@43.6683333330001,-79.399722222,200m/data=!3m1!1e3",,
